company_name-discard,caption,hashtag,status,comments,shares,likes,post_type
H&M,He has crafted some of the most iconic dances of our time. Now we’re ready to move the world together. Meet,#JaQuelKnight,https://x.com/hm/status/1555237146734256135/photo/1,784,242,934,Videos
H&M,She needs no introduction. It's,#HMmove,https://x.com/hm/status/1555206959204376577/photo/1,251,255,1000,Polls
H&M,"Introducing H&M Move – here to get the whole world and every body moving. This is our workout, led by",#HMmove,,127,212,841,Stories
H&M,Ok so is everyone currently transcending/trying to figure out how to add the whole,#RENAISSANCE,,102,171,604,Live Streams
H&M,They’re a 10 but they try to return swimsuits after vacation.,,,75,144,701,Infographics
H&M,"New collab incoming!
Hint:",,https://x.com/hm/status/1549371703700213760/analytics,111,202,974,Polls
H&M,For everyone that guessed,#StrangerThings,,52,159,516,Stories
H&M,Summer ‘22 starter pack,#HM,https://x.com/hm/status/1549381259201286145/photo/1,36,172,439,Live Streams
H&M,"You’re the only one who can define what family means to you. Family isn’t one-size-fits-all. But whoever you decide to include in yours, make sure they love you — no matter who you love.",#HMPride,,109,186,680,Videos
H&M,"You’re the only one who can define what family means to you. Family isn’t one-size-fits-all. But whoever you decide to include in yours, make sure they love you — no matter who you love.",#HMPride,,109,186,680,Carousel Posts
H&M,"You don't have to be born into family, you can choose one. For this year's",,https://x.com/hm/status/1531983905359904770/analytics,37,138,590,Stories
H&M,"Chosen families are not here to replace your biological family. They exist to expand the definition of family, pulling people together. It's about the rituals you create, the memories you share, and the support you give one another. It's about being there, no matter who you love.",,https://x.com/hm/status/1531983911802310659/analytics,19,124,411,Live Streams
H&M,youtube.com,#HMPride,https://t.co/9EsX09KoRW,16,128,322,Static Images
H&M,Today is,#IDAHOBIT,,44,159,632,Carousel Posts
H&M,"Suit at the dentist's office? Wear what makes you feel good, like comedian & actor Pete Davidson.",#Wearthatfeeling,,52,168,654,Static Images
H&M,"Perfect shirt on. Good vibes on. Wear that feeling, like comedian & actor Pete Davidson.",#HMMan,,24,201,647,Product Showcases
H&M,,#Metgala,https://x.com/hm/status/1521464637371428866/photo/1,14,178,715,Carousel Posts
H&M,⁩,,https://t.co/bTyI9MzLx4,31,172,723,Videos
H&M,"Explore a fantasy-filled and playfully over-the-top collection designed by Iris Apfel, the original queen of personal style. The Iris Apfel x H&M collab launches in selected stores and on",#HM,,39,54,310,Product Showcases
H&M,"A Twosday kinda day. 
Happy 22/2/22 everyone!",,,130,58,377,Polls
H&M,Be Inclusive! A new global awareness campaign by,#ForEveryChild,,52,50,254,Stories
H&M,"Coming soon: 
Devon Ross +",#HMStudio,https://t.co/8bPKgY9lNT,53,56,359,Infographics
H&M,"*gasp* !!

The iconic",,https://x.com/JLo/status/1488490547815673857/photo/1,15,50,299,Stories
H&M,"*gasp* !!

The iconic",,https://x.com/JLo/status/1488490547815673857/photo/1,15,50,299,Static Images
H&M,,,https://x.com/hm/status/1488430330969210881/photo/1,12,49,360,Videos
H&M,Ok bye 2020 & 2021. We can see the light now.,#rihanna,,12,48,291,Videos
H&M,We are proud to announce that we’re working with,,,25,78,457,Static Images
H&M,Congratulations to,,https://x.com/hm/status/1480592159023714307/photo/1,25,72,696,Reels
H&M,This new collection is made with recycled PET from our,#bottle2fashion,https://x.com/hm/status/1479392392440651777/photo/1,21,17,93,Stories
H&M,Featuring prints from Stars Wars™ The Mandalorian: meet the new collection from our,#bottle2fashion,,31,22,127,Static Images
H&M,T-minus 1 day until,,https://x.com/hm/status/1474034359422308353/analytics,15,21,114,Videos
H&M,T-minus 1 day until,,https://x.com/hm/status/1474034359422308353/analytics,15,21,114,Carousel Posts
H&M,"If you got your fit ready drop it below!
Some of us need",,,4,2,38,Reels
H&M,Launching this week!,,,73,23,114,Live Streams
H&M,This is our take on Bambi – the mum survived on this one.,,,18,24,91,Live Streams
H&M,Superstar energy,#HM,,27,24,103,Videos
H&M,Like if you need some holiday outfit inspo,,https://x.com/hm/status/1463871117651759106/analytics,19,4,74,Videos
H&M,Seasonal sophistication,,https://x.com/hm/status/1463880543297224717/analytics,20,14,92,Infographics
H&M,For the cosy kiddos,,https://x.com/hm/status/1463881215107346435/photo/1,13,16,80,Memes
H&M,The holiday LVR,,https://x.com/hm/status/1463878949113581568/photo/1,1,3,23,Live Streams
H&M,"Besties, what’s the vibe this wknd?",,,16,9,32,Memes
H&M,The feminine urge to plan your outfit around who’s going to be there.,,https://x.com/hm/status/1461681539079680001/analytics,26,212,1400,Memes
H&M,"Confused? We're just part of a meme, we come in peace",,,6,3,37,Stories
H&M,"What if you could calculate a product's circularity before it's been made and learn how to make it even better? The Circulator is a design tool that can do just that. It's not out yet, but all curious designers and product developers can learn more here:",,https://x.com/hm/status/1460533109401825290/photo/1,13,17,59,Carousel Posts
H&M,"Spice up your life!
25yrs since the",,,68,58,231,Live Streams
H&M,To future-proof fashion we need to embrace tradition.,#HMMan,,15,25,73,Memes
H&M,"Join Alva Claire and founder of Salt Textiles, @jordanstormlouise as they show us how to dye garments at home using nothing but natural ingredients",#HM,https://x.com/hm/status/1454040330815352834/photo/1,16,10,63,Live Streams
H&M,"Ok all hands on deck!
Classic Halloween fit but make it fashion - share your best tip below!",,,10,6,81,Static Images
H&M,Meta.,,https://x.com/hm/status/1453815403038261251/photo/1,185,132,559,Memes
H&M,"Join Alva Claire and founder of Salt Textiles, @jordanstormlouise as they show us how to dye garments at home using nothing but natural ingredients",#HM,https://x.com/hm/status/1454040330815352834/photo/1,16,10,63,Memes
H&M,"Ok all hands on deck!
Classic Halloween fit but make it fashion - share your best tip below!",,,10,6,81,Static Images
H&M,Meta.,,https://x.com/hm/status/1453815403038261251/photo/1,185,132,559,Live Streams
H&M,,,https://x.com/hm/status/1453698155711709188/photo/1,5,11,140,Live Streams
H&M,#vegan,,https://x.com/peta/status/1453012805167296528/photo/1,18,21,92,Live Streams
H&M,Did we just binge watch,,https://x.com/hm/status/1450432150336151556/analytics,9,3,66,Videos
H&M,Did we just binge watch,,https://x.com/hm/status/1450432150336151556/analytics,9,3,66,Videos
H&M,Us looking for a Halloween fit.,,https://x.com/hm/status/1450436213064835081/analytics,16,15,121,Static Images
H&M,,,,7,10,91,Reels
H&M,"Sorry I’m late, couldn’t find anything to wear.",,,12,59,401,Live Streams
H&M,So we agree that we’re all tired?,,,12,4,60,Videos
H&M,Hi,#HM,,6,10,47,Product Showcases
H&M,28-Oct,#EditionbyJohnBoyega,https://x.com/BritishGQ/status/1445386896016920587/photo/1,9,14,59,Stories
H&M,"Wait, is that award-winning actor",#EditionbyJohnBoyega,,6,11,73,Reels
H&M,"I guess the internet is closed. 
How’s everyone holding up?",,https://x.com/hm/status/1445144169077481474/analytics,46,50,619,Product Showcases
H&M,"It’s working again, never mind!",,,14,49,398,Infographics
H&M,Social justice advocate. One of the brightest actors of his generation. Guess who? Comment below. Collection is out 28 October.,#HMMan,,3,8,48,Carousel Posts
H&M,Athleisure is the new normal. HMxME,,,17,17,66,Live Streams
H&M,"""I’m here for it."" @preciousmusthaph is all about making an entrance in our Autumn / Winter 2021 campaign films",#FallFeelings,https://x.com/hm/status/1438397244793835521/photo/1,9,34,176,Static Images
H&M,Spotted: Gigi Hadid wearing head-to-toe denim from,#HMStudio,https://t.co/b5NjHQhvpC,12,15,71,Infographics
H&M,At last they are back: The relaxed jeans. A fresh take on a '90s classic.,#HMMan,,5,8,57,Static Images
H&M,THE COLLAB OF 2022:,#IrisApfelxHM,https://x.com/hm/status/1435958683968565248/photo/1,10,103,281,Polls
H&M,is OUT NOW in selected markets. This way for self-expression and fearless style: The collection launches 23 September in the US & Canada.,#HMStudio,https://x.com/hm/status/1435944289096318976/photo/1,5,9,54,Live Streams
H&M,Your premium feel streetwear collection just got a major upgrade. Blank Staples is back.,#HMMan,https://x.com/hm/status/1434501591181238272/photo/1,13,15,97,Polls
H&M,"Serving crystal bling and custom-designed """"Queendom"""" prints.",#HMStudio,https://x.com/hm/status/1433686210392870912/photo/1,5,19,55,Reels
H&M,OUT NOW:,#TOGA_ARCHIVESxHM,,13,16,52,Memes
H&M,OUT TOMORROW: avant-garde and contemporary tailoring for women & men.,#TOGA_ARCHIVESxHM,,5,14,61,Static Images
H&M,Congratulations on your 100th birthday,,https://x.com/hm/status/1431874264563605507/photo/1,9,27,160,Product Showcases
H&M,A preppy vest will spice up literally any outfit. HMxME,,,3,9,60,Videos
H&M,Exceptional versatility is the keyword for the,#TOGA_ARCHIVESxHM,https://x.com/hm/status/1431255186677411841/photo/1,3,6,42,Product Showcases
H&M,"Past collections of TOGA, reworked. Experience next level looks with details that express who you are before the conversation starts.",#TOGA_ARCHIVESxHM,https://x.com/hm/status/1431149496205991944/photo/1,2,17,95,Videos
H&M,Effortless confidence. All-time comfort. The jogger set — relaxed style from sleep to street.,#HMMan,,11,15,72,Stories
H&M,Just arrived: our collab with the iconic Indian couture designer Sabyasachi.,#SabyasachixHM,https://x.com/hm/status/1425728772003799042/photo/1,53,37,159,Infographics
H&M,Modern quality essentials. A clean approach to details. Check out the casual cargos.,#HMMan,,18,8,45,Product Showcases
H&M,"""Any age and you can be a role model.""
Meet Ryan, 11, founder of Ryan's Recycling. Read more about our Role Models and their work here,",#HMKids,https://x.com/hm/status/1417816634912346123/photo/1,27,15,53,Videos
H&M,"""The future belongs to those who will live in it.""
Meet Catarina, 13, eco warrior & climate crusader. Read more about our Role Models and their work here,",#HMKids,https://x.com/hm/status/1417106959141122059/photo/1,21,33,47,Infographics
H&M,Peace champion. Eco warrior. Climate crusader. We've met the ones taking action for a better world — and we want you to meet them too.,#HMKids,,8,12,44,Videos
H&M,Congratulations,,https://x.com/Variety/status/1414976988192796672/photo/1,1,12,79,Infographics
H&M,Summer's no.1 champion just in: the resort shirt. When you want to look A+ from sunrise to sunset.,#HMMan,,33,16,62,Reels
H&M,The pop art drop — fresh streetwear paying tribute to legendary artist Keith Haring.,#HMMan,https://x.com/hm/status/1411369161960349703/photo/1,7,14,111,Stories
H&M,Eye-catching sneakers with Keith Haring prints.,#HMMan,https://x.com/hm/status/1410931276819963910/photo/1,3,19,120,Infographics
H&M,Gigi Hadid spotted wearing,#BrockCollectionxHM,https://t.co/9TcMBaBWZ0,4,24,142,Stories
H&M,Wearing Haring. Check out our fresh collection featuring the works of the American pop art legend Keith Haring.,#HMMan,https://x.com/hm/status/1410493412587999234/photo/1,11,18,83,Carousel Posts
H&M,We are proud to announce that together with,@looop,https://x.com/hm/status/1408008070483959810/analytics,11,25,86,Infographics
H&M,"“This win is a celebration of sustainability, collaboration and creativity – central priorities for our planet and industry.” – Ajaz Ahmed, CEO of",,,4,4,23,Static Images
H&M,Enter the fabulous world of Upcycling with Alva Claire and,#HMTheSmallThings,,58,346,2500,Product Showcases
H&M,"“As a surfer, I want to protect our oceans from reef-damaging pollution. And making the change to recycled materials is a step in the right direction.” @alikamock lives in North Shore Oahu, Hawaii.",#HMMan,https://x.com/hm/status/1404362992154824706/photo/1,6,10,76,Infographics
H&M,"""Our pride is eternal.""",,https://x.com/hm/status/1403608010656825347/analytics,9,7,122,Live Streams
H&M,"Lidia & Maria hid their sexuality for decades. Now, they share their love for each other with the world.",#HM,,1,7,61,Polls
H&M,For all our French speaking friends,#TOGA_ARCHIVESxHM,https://t.co/EHNK8CuVgJ,7,7,38,Infographics
H&M,NEW COLLABORATION:,https://hm.info/601643Bey,,6,18,76,Infographics
H&M,"""Conceptually, we want to create clothes that are not determined by gender but by situations. Ideally, I’m looking for a society where people wear the clothes they wish to wear."" Y.F.",#HM,,7,8,34,Reels
H&M,"""I was interested in fashion being not just a couture-led, technique-based skill, but instead something that was more idea-based."" Y.F.",#HM,,2,6,34,Carousel Posts
H&M,"""My pride has no limits.""",,https://x.com/hm/status/1402883243230347264/analytics,2,8,78,Stories
H&M,"Deaf, transgender, Jewish, Asian. Chella Man is no stranger to standing out — or standing up for all that makes him different.",#HM,,3,9,46,Videos
H&M,"""My pride shocked me.""",,https://x.com/hm/status/1402158456661069824/analytics,3,7,60,Live Streams
H&M,"""My pride is unbreakable.""",,https://x.com/hm/status/1401796068497629186/analytics,1,6,47,Polls
H&M,"What's your favorite place? For South African surfer @joshefaulkner it's somewhere surrounded by waves: ""The ocean and I have a special relationship. It’s where I go to relax and be at ease.""",#HMMan,https://x.com/hm/status/1401433658578325505/photo/1,4,6,56,Static Images
H&M,What's on your summer checklist?,#BintouSillah,https://x.com/hm/status/1400769222775644163/photo/1,11,9,80,Reels
H&M,June's absolute best: The tech shorts. When you want to feel as good as you look.,#HMMan,,4,3,42,Videos
H&M,"Pride is more than pretty colours. This year, we're peeling back the colours to discover the true meaning of the Pride flag and hear the powerful stories beyond.",#HM,,71,530,923,Product Showcases
H&M,"Did you know we're working towards our goal of using 100% organic, recycled or other more sustainably sourced materials by 2030? Our babywear is designed to last with room-to-grow features so they can be worn longer",https://hm.info/60134MFLS,https://x.com/hm/status/1399334852596580353/analytics,5,12,89,Memes
H&M,"“There’s a ruched petal-pink corset styled shown with jeans, a signature Brock combination; a rose-printed dress with grosgrain ribbon sleeves, smocked through the bust in lieu of boning…”",https://hm.info/60184MLj0,https://x.com/hm/status/1397205818060255234/analytics,12,9,32,Static Images
H&M,"“We got an email from their team last May, and we honestly thought it was fake.” — Brock Collection",#BrockCollectionxHM,,2,3,23,Polls
H&M,What's your favorite beach? For Malaysian surfer,#HMMan,https://x.com/hm/status/1396737654167846913/photo/1,6,10,71,Infographics
H&M,"Football fused with streetwear. Introducing a new crossover collection where the greats meet. Co-designed with Neal Heard, founder of the football fashion brand Lover's FC and one of the top voices of Europe's jersey scene. Out now.",#LoversFCxHM,,9,11,40,Polls
H&M,"Hey you. Don’t let the noise of self doubt, people’s opinions & negativity tag along your summer. Do like Paloma Elsesser & cut out the noise to have your best summer.",#HM,,28,43,193,Reels
H&M,"If it requires a bikini, our answer is yes. New pool-ready styles are in:",#HM,https://x.com/hm/status/1394925809312452609/photo/1,7,10,75,Carousel Posts
H&M,"It's time to join up! If you know of a kid who is doing something wonderful, we’d love to help you share it with the world. Visit our website to find out how.",#RoleModelsxHM,,60,16,84,Infographics
H&M,"They can’t drive, vote or tweet. But they will change the planet—or even find new ones. We’re shining a spotlight on the people who are making the world a better place: kids. Visit the link to find out more.",#RoleModelsxHM,,32,16,73,Static Images
H&M,"“I have always said that we are not a cool brand. It's not about being cool or not. We try to be relevant. I'm not going into the cool club. It's not my address."" — Alber Elbaz",,,15,10,71,Stories
H&M,"Alber, we will forever miss your genius and your generosity. Your talent was enriched by one of the kindest hearts and sweetest personalities in fashion.",#AlberElbaz,https://x.com/hm/status/1386402135856746500/photo/1,5,16,142,Videos
H&M,OUT NOW*:,#lemlemxHM,https://x.com/hm/status/1385126230920421379/photo/1,21,7,72,Infographics
H&M,We,#SimoneRochaxHM,https://x.com/hm/status/1370275498199281664/photo/1,335,20,169,Reels
H&M,is finally here!,#SimoneRochaxHM,https://x.com/hm/status/1370041718440087552/photo/1,109,14,104,Static Images
H&M,Step into the world of Simone Rocha.,#SimoneRochaxHM,https://x.com/hm/status/1369966355718488064/photo/1,71,17,128,Product Showcases
H&M,Simone Rocha is beloved for reclaiming girlish elements for a modern take on beauty.,#SimoneRochaxHM,,69,19,97,Infographics
H&M,Actor,#SimoneRochaxHM,https://x.com/hm/status/1369679350530998274/photo/1,26,14,99,Product Showcases
H&M,Leave cottagecore in 2020 — it's time for regencycore.,#SimoneRochaxHM,https://x.com/hm/status/1369558621038739456/photo/1,22,22,116,Infographics
H&M,Actor,#SimoneRochaxHM,https://x.com/hm/status/1369679350530998274/photo/1,26,14,99,Memes
H&M,Leave cottagecore in 2020 — it's time for regencycore.,#SimoneRochaxHM,https://x.com/hm/status/1369558621038739456/photo/1,22,22,116,Carousel Posts
H&M,The storybook world of,#SimoneRochaxHM,https://x.com/hm/status/1369368220973625352/photo/1,19,22,102,Reels
H&M,"""Helena Bonham-Carter is preening in a mirror, twirling across my kitchen table. Francesca Hayward is teetering on her pointe shoes, spinning in a pastel pink bubble dress.""",#SimoneRochaxHM,https://t.co/7IVPD1G8eh,12,12,68,Reels
H&M,"""This is no re-edition. It's taking beloved looks and reinterpreting them for today."" — Simone Rocha",#SimoneRochaxHM,,21,24,96,Reels
H&M,Bespoke fabrics designed in-house are part of Simone Rocha's DNA. All of the dreamy fabrics in the collection were specially developed for the collab.,#SimoneRochaxHM,https://x.com/hm/status/1368471398797238272/photo/1,10,10,75,Infographics
H&M,"Of wild florals, of portraits and photographs, of subversive femininity — Simone Rocha X H&M launches 11 March.",#tessmcmillan,https://x.com/hm/status/1367127632291237895/photo/1,11,20,100,Product Showcases
H&M,"is a celebration of the silhouettes, fabrications, embellishments and influences that have defined Simone Rocha's world. The collection launches 11 March.",#SimoneRochaxHM,,10,21,93,Live Streams
H&M,"""Every piece in the collection is designed to be in conversation with each other; one unit, one identity."" — Simone Rocha",#SimoneRochaxHM,https://x.com/hm/status/1366402874767466496/photo/1,13,39,143,Videos
H&M,Archive details reimagined.,#SimoneRochaxHM,,16,56,143,Static Images
H&M,.,,https://t.co/eAOWzK1mZ3,19,6,58,Infographics
H&M,#ootd,,https://x.com/ThaliaMLeBlanc/status/1364003052437446665/photo/1,13,7,79,Reels
H&M,Yasuo appreciation post. Get battle-ready with the new LoL merch.*,#HMMan,https://x.com/hm/status/1364137916180688896/photo/1,12,20,116,Memes
H&M,Couldn't you see Harry Styles in this look?,#HMStudio,https://x.com/hm/status/1362718575614717954/photo/1,21,6,81,Stories
H&M,"Meet Julia Sarr-Jamois, one of our fave stylists! We asked her to style her favourite",#HMStudio,,8,8,65,Reels
H&M,Who’s your favourite champion? Click on for full collection.,#HMMan,https://x.com/hm/status/1362401487457030146/photo/1,7,6,67,Static Images
H&M,Your gaming look: upleveled. The epic LoL prints are out.*,#HMMan,https://x.com/hm/status/1361676670818799616/photo/1,12,18,111,Infographics
H&M,Archival,#HMStudio,https://x.com/hm/status/1359879806658228225/photo/1,17,14,79,Memes
H&M,Game on. New League of Legends merch just dropped.,#HMMan,https://x.com/hm/status/1359819470689210371/photo/1,21,44,100,Product Showcases
H&M,"It's here (in selected markets). Lee x H&M — a more sustainable denim collection, designed and crafted with the future in mind.",https://hm.info/60154z9L9,https://x.com/hm/status/1354723452805120000/analytics,33,24,109,Stories
H&M,,,https://x.com/hm/status/1354723458870075394/photo/1,6,14,70,Memes
H&M,Introducing our first ever 100% recycled cotton jeans.,#LEExHM,https://x.com/hm/status/1354443985276854277/photo/1,15,28,172,Carousel Posts
H&M,Made from 50% Texloop™ RCOT™ recycled cotton. The sewing threads? Recycled polyester from plastic waste. The print? Water-based ink.,#LEExHM,,10,17,87,Static Images
H&M,Zinnia Kumar joined the conversation and had a little chat with our CEO about the future of fast fashion. Watch all the conversations here:,#LEExHM,,10,18,87,Stories
H&M,This isn't just another collab. It's where conversations about sustainability & transparency are lifted into focus.,http://hm.com,https://x.com/hm/status/1352662425204641799/analytics,7,14,75,Infographics
H&M,,,https://x.com/hm/status/1352662431139586049/photo/1,1,8,56,Static Images
H&M,"Our next designer collaboration,",#SimoneRochaxHM,https://x.com/hm/status/1350125531103113217/photo/1,13,12,59,Static Images
H&M,How do sisters,#kesewaaboah,,4,17,56,Videos
H&M,From 'Normal People' to,#SimoneRochaxHM,,5,23,93,Product Showcases
H&M,We're so happy to reveal the star of our next designer collaboration:,https://hm.info/60124zZXm,,6,64,177,Stories
H&M,"Tomorrow, we will announce our next designer collaboration! Got a guess?",#HM,,18,26,188,Polls
H&M,Would you wear trash? Conscious Exclusive A/W20 is made from waste. The collection is out now!,#HMConsciousExclusive,,93,29,131,Product Showcases
H&M,"Meet ecologist, activist and H&M Conscious Exclusive A/W20 model Zinnia Kumar.",#HMConsciousExclusive,https://x.com/hm/status/1333440663438942209/photo/1,21,23,117,Videos
H&M,Conscious Exclusive A/W20 was inspired by the creativity that emerges from appreciating the value of the things around us.,#HMConsciousExclusive,,9,7,44,Memes
H&M,Conscious Exclusive is an incubator for innovative materials that are eventually used in H&M's main collection. The A/W20 collection launches from December 1.,#HMConsciousExclusive,,4,11,64,Memes
H&M,Every piece in the Conscious Exclusive A/W20 collection is made from waste. Read more at H&M magazine.,#HMConsciousExclusive,https://x.com/hm/status/1333048077054316550/photo/1,11,11,114,Reels
H&M,Creative forms of recycling and reuse take us one step closer to a circular fashion future. H&M Conscious Exclusive A/W20 launches from 1 December.,#HMConsciousExclusive,,3,12,71,Videos
